<?xml version="1.0" encoding="UTF-8"?>
<project-private xmlns="http://www.netbeans.org/ns/project-private/1">
    <editor-bookmarks xmlns="http://www.netbeans.org/ns/editor-bookmarks/2" lastBookmarkId="0"/>
    <open-files xmlns="http://www.netbeans.org/ns/projectui-open-files/2">
        <group>
            <file>file:/G:/xampp/htdocs/Encargo2DAI/mostrar_libros.php</file>
            <file>file:/G:/xampp/htdocs/Encargo2DAI/agregar_libro.php</file>
            <file>file:/G:/xampp/htdocs/Encargo2DAI/borrar_libro.php</file>
            <file>file:/G:/xampp/htdocs/Encargo2DAI/editar_libro.php</file>
        </group>
    </open-files>
</project-private>
